1,_._.srijani0304,https://instagram.fdel1-4.fna.fbcdn.net/v/t51.2885-19/127110012_226703535488738_419847162377740438_n.jpg?_nc_ht=instagram.fdel1-4.fna.fbcdn.net&_nc_ohc=kvW3KlOutwkAX8FJ1Q3&edm=AEF8tYYBAAAA&ccb=7-4&oh=4f28031bddef86bcf8cce08c2f50e344&oe=6156565B&_nc_sid=a9513d
2,rohaannnn12,https://instagram.fdel1-4.fna.fbcdn.net/v/t51.2885-19/241313818_1759368607593560_7808409859355686675_n.jpg?_nc_ht=instagram.fdel1-4.fna.fbcdn.net&_nc_ohc=fXZx7VIAS8sAX_pDL93&edm=AEF8tYYBAAAA&ccb=7-4&oh=0122029165f70e914df02b45f51ea685&oe=61565065&_nc_sid=a9513d
3,anisha_sharma325,https://scontent-itm1-1.cdninstagram.com/v/t51.2885-19/44884218_345707102882519_2446069589734326272_n.jpg?_nc_ht=scontent-itm1-1.cdninstagram.com&_nc_ohc=isg9IBAnxdAAX-hikmE&edm=AL4D0a4BAAAA&ccb=7-4&oh=85aba5d389110b35bf1d7c76aceba360&oe=615717CF&_nc_sid=712cc3&ig_cache_key=YW5vbnltb3VzX3Byb2ZpbGVfcGlj.2-ccb7-4
4,ya_sh_as_vi,https://instagram.fdel1-4.fna.fbcdn.net/v/t51.2885-19/241475147_213137224184602_1542331030296334449_n.jpg?_nc_ht=instagram.fdel1-4.fna.fbcdn.net&_nc_ohc=JcbM279vh1QAX-F8Ck0&edm=AEF8tYYBAAAA&ccb=7-4&oh=bd33c8ecd078d1b147da5d8a4bd25e14&oe=6156C56C&_nc_sid=a9513d
5,rambabuyandava7,https://scontent-bom1-1.cdninstagram.com/v/t51.2885-19/44884218_345707102882519_2446069589734326272_n.jpg?_nc_ht=scontent-bom1-1.cdninstagram.com&_nc_ohc=isg9IBAnxdAAX90anU5&edm=ABmJApABAAAA&ccb=7-4&oh=7b629e625825b1f278834b26efe62e3e&oe=615717CF&_nc_sid=6136e7&ig_cache_key=YW5vbnltb3VzX3Byb2ZpbGVfcGlj.2-ccb7-4
6,shi.vam.koul,https://instagram.fdel1-4.fna.fbcdn.net/v/t51.2885-19/242295803_573400770568234_8134469246731586572_n.jpg?_nc_ht=instagram.fdel1-4.fna.fbcdn.net&_nc_ohc=Kqko5Y_W8NYAX9tyUQp&edm=AEF8tYYBAAAA&ccb=7-4&oh=1d8f2a31d1799d2da2c1e8e7c1a87921&oe=6156F0CA&_nc_sid=a9513d
7,_mr.rocky_23,https://instagram.fdel1-4.fna.fbcdn.net/v/t51.2885-19/238874002_233249142021946_3348139308724334385_n.jpg?_nc_ht=instagram.fdel1-4.fna.fbcdn.net&_nc_ohc=vZh89Ub-McIAX9itCDQ&edm=AEF8tYYBAAAA&ccb=7-4&oh=dbe8b6cfd1dc4d65206d24e289470329&oe=6155CD85&_nc_sid=a9513d
8,_.adityasaha._,https://instagram.fdel1-4.fna.fbcdn.net/v/t51.2885-19/242778433_563930871585409_4337906281737001773_n.jpg?_nc_ht=instagram.fdel1-4.fna.fbcdn.net&_nc_ohc=qs11Oa8fSiEAX-4mVzd&edm=AEF8tYYBAAAA&ccb=7-4&oh=4ea88084987d11ba9c4dbf90e4ee5558&oe=6155B8A9&_nc_sid=a9513d
9,aashish_553,https://instagram.fdel1-4.fna.fbcdn.net/v/t51.2885-19/175186271_154644239912642_7513610691416961600_n.jpg?_nc_ht=instagram.fdel1-4.fna.fbcdn.net&_nc_ohc=RgV7rRPPVQ4AX9gWxai&edm=AEF8tYYBAAAA&ccb=7-4&oh=813f5faacbb6c491e06db1ed6b247c30&oe=61563B46&_nc_sid=a9513d
10,ishank_perhaps,https://instagram.fdel1-4.fna.fbcdn.net/v/t51.2885-19/241314608_393618702326133_5011017004850743171_n.jpg?_nc_ht=instagram.fdel1-4.fna.fbcdn.net&_nc_ohc=Fe_62qQubmgAX9-s_A1&edm=AEF8tYYBAAAA&ccb=7-4&oh=5feb82fe20ed94fd62f432eae46a1b88&oe=61568FA8&_nc_sid=a9513d
11,dhruvgandhi185,https://instagram.fdel1-4.fna.fbcdn.net/v/t51.2885-19/15101740_1057886857642798_5991438369572257792_a.jpg?_nc_ht=instagram.fdel1-4.fna.fbcdn.net&_nc_ohc=7VUELI0NK18AX-8O5C7&edm=AEF8tYYBAAAA&ccb=7-4&oh=dc7d357897b9403ad55d678c38fdc645&oe=6155B8F0&_nc_sid=a9513d
12,_rishav_m,https://scontent-ssn1-1.cdninstagram.com/v/t51.2885-19/44884218_345707102882519_2446069589734326272_n.jpg?_nc_ht=scontent-ssn1-1.cdninstagram.com&_nc_ohc=isg9IBAnxdAAX8rkgMV&edm=AL4D0a4BAAAA&ccb=7-4&oh=44a607b99cad124f2c539b66c9cec813&oe=615717CF&_nc_sid=712cc3&ig_cache_key=YW5vbnltb3VzX3Byb2ZpbGVfcGlj.2-ccb7-4
13,lokes__6123,https://instagram.fdel1-4.fna.fbcdn.net/v/t51.2885-19/242065727_162997975981214_6820863616839145477_n.jpg?_nc_ht=instagram.fdel1-4.fna.fbcdn.net&_nc_ohc=hBo6BI0L5K8AX-5hjaE&edm=AEF8tYYBAAAA&ccb=7-4&oh=006d3b1fa9b88a5fefbd8c8e7cbf4509&oe=615650BD&_nc_sid=a9513d
14,_om_07_mishra_,https://instagram.fdel1-4.fna.fbcdn.net/v/t51.2885-19/145590357_1008066663061832_8128011336502440812_n.jpg?_nc_ht=instagram.fdel1-4.fna.fbcdn.net&_nc_ohc=Z0gHdapX15IAX-HeihB&edm=AEF8tYYBAAAA&ccb=7-4&oh=a8367a14b814b79c8e37456e187792c6&oe=6155A5F3&_nc_sid=a9513d
15,nuker144,https://instagram.fdel1-4.fna.fbcdn.net/v/t51.2885-19/123094649_648948908991531_4743267450235602886_n.jpg?_nc_ht=instagram.fdel1-4.fna.fbcdn.net&_nc_ohc=za1Q-ettkuoAX8SniXR&edm=AEF8tYYBAAAA&ccb=7-4&oh=e6e2fbc04215a605fdb7eb3202424e0d&oe=6155D85C&_nc_sid=a9513d
16,animeavengers007,https://instagram.fdel1-4.fna.fbcdn.net/v/t51.2885-19/74808267_447209549485045_254605734321324032_n.jpg?_nc_ht=instagram.fdel1-4.fna.fbcdn.net&_nc_ohc=-IVgkRx-sI8AX8AnWWK&edm=AEF8tYYBAAAA&ccb=7-4&oh=c04aece6b61ec956f42886a67314e567&oe=6156B4D7&_nc_sid=a9513d
17,shurajrameshbabu,https://instagram.fjai2-1.fna.fbcdn.net/v/t51.2885-19/44884218_345707102882519_2446069589734326272_n.jpg?_nc_ht=instagram.fjai2-1.fna.fbcdn.net&_nc_ohc=isg9IBAnxdAAX9hhTWF&edm=AEaYFD0BAAAA&ccb=7-4&oh=9fd2aaae91fda59dd5f47644ce916f1b&oe=615717CF&_nc_sid=751ab8&ig_cache_key=YW5vbnltb3VzX3Byb2ZpbGVfcGlj.2-ccb7-4
18,risshabsingla,https://instagram.fdel1-4.fna.fbcdn.net/v/t51.2885-19/54446877_380244885904328_4813224386674819072_n.jpg?_nc_ht=instagram.fdel1-4.fna.fbcdn.net&_nc_ohc=2Kyaj54OVyYAX-YOIY7&edm=AEF8tYYBAAAA&ccb=7-4&oh=68807ef393b6c212d3b0eb605e2b9aa8&oe=615672E2&_nc_sid=a9513d
19,__.jananiiii.__,https://instagram.fdel1-4.fna.fbcdn.net/v/t51.2885-19/241768908_310541927491599_35335285564855011_n.jpg?_nc_ht=instagram.fdel1-4.fna.fbcdn.net&_nc_ohc=cyj5snq7FMEAX-wqNFy&edm=AEF8tYYBAAAA&ccb=7-4&oh=b7098f27aeeca936e630c81bea9d50b9&oe=61571002&_nc_sid=a9513d
20,naina_8_4_3,https://instagram.fdel1-4.fna.fbcdn.net/v/t51.2885-19/240812980_251934390135172_7168199296390250053_n.jpg?_nc_ht=instagram.fdel1-4.fna.fbcdn.net&_nc_ohc=tA7g0ji5j24AX9M_H-e&edm=AEF8tYYBAAAA&ccb=7-4&oh=bc0888915e9c9fa17aab678ea99f7262&oe=61558691&_nc_sid=a9513d
21,mr.audacious.lll,https://instagram.fdel1-4.fna.fbcdn.net/v/t51.2885-19/242664585_528683744891536_2649297046829570188_n.jpg?_nc_ht=instagram.fdel1-4.fna.fbcdn.net&_nc_ohc=fWrHXidjlggAX8xy98a&edm=AEF8tYYBAAAA&ccb=7-4&oh=852d5617bc9ee320fc55380c0277fa41&oe=6156EF27&_nc_sid=a9513d
22,ashwin.ashish,https://instagram.fdel1-4.fna.fbcdn.net/v/t51.2885-19/210011668_845831532960250_8004354148879349083_n.jpg?_nc_ht=instagram.fdel1-4.fna.fbcdn.net&_nc_ohc=wBENBgChlMUAX8gMD-1&edm=AEF8tYYBAAAA&ccb=7-4&oh=4374ae03b7c166d9b73f8a87662cd5dc&oe=6155CE60&_nc_sid=a9513d
23,pratiksha._.mishra,https://instagram.fdel1-4.fna.fbcdn.net/v/t51.2885-19/241184312_533498477739759_8859850452550180249_n.jpg?_nc_ht=instagram.fdel1-4.fna.fbcdn.net&_nc_ohc=pbI8NJ7XNREAX9r8pvQ&edm=AEF8tYYBAAAA&ccb=7-4&oh=c04e4c978bbf846e4146823ddcb3718a&oe=6155CA5C&_nc_sid=a9513d
24,aleesha_ts,https://instagram.fdel1-4.fna.fbcdn.net/v/t51.2885-19/242919953_1012931606106670_6566188341321140955_n.jpg?_nc_ht=instagram.fdel1-4.fna.fbcdn.net&_nc_ohc=p7I274yeYh8AX9THdF5&edm=AEF8tYYBAAAA&ccb=7-4&oh=0c8a1ae4e4210761bd618fc0d74b5b6e&oe=6155C709&_nc_sid=a9513d
25,maanasa2303,https://instagram.fdel1-4.fna.fbcdn.net/v/t51.2885-19/242225240_1900735830107945_6956992825096913960_n.jpg?_nc_ht=instagram.fdel1-4.fna.fbcdn.net&_nc_ohc=KCFEOKAtAa8AX_d11Fs&edm=AEF8tYYBAAAA&ccb=7-4&oh=f2e1063ee812ad5eafce788bc18d13db&oe=6156CF38&_nc_sid=a9513d
26,a_k_a_r_s_h_69,https://instagram.fdel1-4.fna.fbcdn.net/v/t51.2885-19/241866942_4579905698726263_8571281812608427089_n.jpg?_nc_ht=instagram.fdel1-4.fna.fbcdn.net&_nc_ohc=t1zefW0vtt4AX_iq0BX&edm=AEF8tYYBAAAA&ccb=7-4&oh=fc85b450194028e719789f0cbc949d77&oe=61570A12&_nc_sid=a9513d
27,chaudhaary_0080,https://instagram.fdel1-4.fna.fbcdn.net/v/t51.2885-19/241381805_921111075430070_492729214384789627_n.jpg?_nc_ht=instagram.fdel1-4.fna.fbcdn.net&_nc_ohc=tNiHP4InBzYAX_q9lZf&edm=AEF8tYYBAAAA&ccb=7-4&oh=394fe4a3a921233c9b62cd82f57c8097&oe=6155CAAC&_nc_sid=a9513d
28,manish.7306,https://instagram.fdel1-4.fna.fbcdn.net/v/t51.2885-19/235868268_394956012142539_2181164128493701367_n.jpg?_nc_ht=instagram.fdel1-4.fna.fbcdn.net&_nc_ohc=nvsM2H82GP8AX81a0RJ&edm=AEF8tYYBAAAA&ccb=7-4&oh=e2303e79322c16fea674b6591dba4a02&oe=61559C4A&_nc_sid=a9513d
29,infinitymahi,https://instagram.fdel1-4.fna.fbcdn.net/v/t51.2885-19/241015578_1568980926783800_8035384697515439196_n.jpg?_nc_ht=instagram.fdel1-4.fna.fbcdn.net&_nc_ohc=bB1ewwNGStsAX9PXaLn&edm=AEF8tYYBAAAA&ccb=7-4&oh=5a4ab2811315ec9e05a3029cf28eb6f9&oe=61555860&_nc_sid=a9513d
30,_dharmanshu12,https://instagram.fdel1-4.fna.fbcdn.net/v/t51.2885-19/156698412_472445937104742_6631450050606405147_n.jpg?_nc_ht=instagram.fdel1-4.fna.fbcdn.net&_nc_ohc=Apo6DWzWKSkAX8yTZBX&edm=AEF8tYYBAAAA&ccb=7-4&oh=ca05892e7920f4534c907ec15b7e6259&oe=615690EC&_nc_sid=a9513d
31,connection_timeout,https://instagram.fdel1-4.fna.fbcdn.net/v/t51.2885-19/227309415_1875942085901274_4143040312347683622_n.jpg?_nc_ht=instagram.fdel1-4.fna.fbcdn.net&_nc_ohc=9Ma_yQdexWIAX9hxIst&edm=AEF8tYYBAAAA&ccb=7-4&oh=7dbc1e7b0cc8b31ab7257475d1e3912a&oe=615639C7&_nc_sid=a9513d
32,kartikey789,https://instagram.fdel1-4.fna.fbcdn.net/v/t51.2885-19/242704842_826608334696652_42944570598925204_n.jpg?_nc_ht=instagram.fdel1-4.fna.fbcdn.net&_nc_ohc=SMhXc7D015kAX_84uEq&edm=AEF8tYYBAAAA&ccb=7-4&oh=6b00c50145757a619dd6d0e52dfdcf38&oe=6155952A&_nc_sid=a9513d
33,hey_garii,https://instagram.fdel1-4.fna.fbcdn.net/v/t51.2885-19/242305837_384406343298035_7215985499103485857_n.jpg?_nc_ht=instagram.fdel1-4.fna.fbcdn.net&_nc_ohc=PMOWlI-8lykAX9r1D8E&edm=AEF8tYYBAAAA&ccb=7-4&oh=95bbf48870387f514740bf3d89bb4a87&oe=615618B4&_nc_sid=a9513d
34,gaurav._singh._,https://instagram.fdel1-4.fna.fbcdn.net/v/t51.2885-19/199583748_191892336180547_3923487856763207131_n.jpg?_nc_ht=instagram.fdel1-4.fna.fbcdn.net&_nc_ohc=hpLnREEfBuIAX-9VhKs&edm=AEF8tYYBAAAA&ccb=7-4&oh=09201f7327fed9f73d8324a7a0e75498&oe=61566275&_nc_sid=a9513d
35,aryanrajsrivastava2907,https://instagram.fdel1-4.fna.fbcdn.net/v/t51.2885-19/194904244_534572644651828_1848790077563476904_n.jpg?_nc_ht=instagram.fdel1-4.fna.fbcdn.net&_nc_ohc=1gKnS2HT1igAX-nYxBh&edm=AEF8tYYBAAAA&ccb=7-4&oh=e6adb881317e40bea7ea44f1bea3d780&oe=615719F9&_nc_sid=a9513d
36,souljas1234,https://instagram.fdel1-4.fna.fbcdn.net/v/t51.2885-19/239656409_4363933837008336_6198000341080998869_n.jpg?_nc_ht=instagram.fdel1-4.fna.fbcdn.net&_nc_ohc=7qsIXju1vPkAX8dVWeB&edm=AEF8tYYBAAAA&ccb=7-4&oh=ae863b1ef3f54a3ef6e614338a53f1aa&oe=61561E26&_nc_sid=a9513d
37,purvajeetsinh_jhala,https://instagram.fdel1-4.fna.fbcdn.net/v/t51.2885-19/242598012_545382456686806_4844349379556497990_n.jpg?_nc_ht=instagram.fdel1-4.fna.fbcdn.net&_nc_ohc=aIPAZTQI2TkAX9vPwzB&edm=AEF8tYYBAAAA&ccb=7-4&oh=42a680ba765f71c0cd5aee708307dd23&oe=61553641&_nc_sid=a9513d
38,antarajha23,https://instagram.fdel1-4.fna.fbcdn.net/v/t51.2885-19/242552138_1031255614343735_2132686956861078623_n.jpg?_nc_ht=instagram.fdel1-4.fna.fbcdn.net&_nc_ohc=KmSgNpe2SSYAX88u8KD&edm=AEF8tYYBAAAA&ccb=7-4&oh=05be67c927c28bfc6fd4f852863bd2b2&oe=6156869E&_nc_sid=a9513d
39,_mohitttttt03,https://instagram.fdel1-4.fna.fbcdn.net/v/t51.2885-19/242798924_885476992399848_5387443567914084576_n.jpg?_nc_ht=instagram.fdel1-4.fna.fbcdn.net&_nc_ohc=tMI7cdzI_pEAX8ba1uJ&edm=AEF8tYYBAAAA&ccb=7-4&oh=50220a2b6e288d80dca848b620a4b450&oe=61553B1D&_nc_sid=a9513d
40,vishwa__3101,https://instagram.fdel1-4.fna.fbcdn.net/v/t51.2885-19/241668151_385978259640829_7744693765143325284_n.jpg?_nc_ht=instagram.fdel1-4.fna.fbcdn.net&_nc_ohc=NwrtsS3EDzwAX-CU9_P&edm=AEF8tYYBAAAA&ccb=7-4&oh=ed8fa3a2fafcf9a01432ee4052f00623&oe=615698AA&_nc_sid=a9513d
41,di_vij,https://instagram.fdel1-4.fna.fbcdn.net/v/t51.2885-19/241482330_542856793614618_4620529139125985266_n.jpg?_nc_ht=instagram.fdel1-4.fna.fbcdn.net&_nc_ohc=NwLj6RgxsnYAX92AI8I&edm=AEF8tYYBAAAA&ccb=7-4&oh=019601f8bb73dd67e20eb75982db7b6d&oe=6156C9A4&_nc_sid=a9513d
42,aishani.atri,https://instagram.fdel1-4.fna.fbcdn.net/v/t51.2885-19/241801365_2867183443533702_8519500262573323710_n.jpg?_nc_ht=instagram.fdel1-4.fna.fbcdn.net&_nc_ohc=FTs5G3GhyOsAX_oOIpa&edm=AEF8tYYBAAAA&ccb=7-4&oh=ba7fb50640f7a8bf0ce1640fbccbbc52&oe=61568F0D&_nc_sid=a9513d
43,aryapatidar10,https://instagram.fdel1-4.fna.fbcdn.net/v/t51.2885-19/240574759_831424700906794_6699456170677835501_n.jpg?_nc_ht=instagram.fdel1-4.fna.fbcdn.net&_nc_ohc=bxRzRwNKnDsAX87hB2A&edm=AEF8tYYBAAAA&ccb=7-4&oh=9fdb71563d4d02cf0c9f632fc74c62b4&oe=615643F5&_nc_sid=a9513d
44,_rishi_singh_90,https://instagram.fdel1-4.fna.fbcdn.net/v/t51.2885-19/192229458_827086744888520_7767285649772372510_n.jpg?_nc_ht=instagram.fdel1-4.fna.fbcdn.net&_nc_ohc=RdmN8W5vrIQAX-xP-7N&edm=AEF8tYYBAAAA&ccb=7-4&oh=6960827d866a1997b74fb810d66ed1f3&oe=6155CA3D&_nc_sid=a9513d
45,vitguru_telugu,https://instagram.fdel1-4.fna.fbcdn.net/v/t51.2885-19/156905243_192971732607141_557836077852057741_n.jpg?_nc_ht=instagram.fdel1-4.fna.fbcdn.net&_nc_ohc=qByKBw6dFtcAX-YPBNd&edm=AEF8tYYBAAAA&ccb=7-4&oh=6ccbd855271c1243fe2546263c5a7e2a&oe=61564AE7&_nc_sid=a9513d
46,guess_reopening_vit,https://instagram.fdel1-4.fna.fbcdn.net/v/t51.2885-19/242680967_389878435977468_630036330753389474_n.jpg?_nc_ht=instagram.fdel1-4.fna.fbcdn.net&_nc_ohc=xqKRo9HwU8YAX_i--J3&edm=AEF8tYYBAAAA&ccb=7-4&oh=26f69a5c61dc56b1d9ca5752c5717816&oe=61568C75&_nc_sid=a9513d
47,mittal.pvtt,https://instagram.fdel1-4.fna.fbcdn.net/v/t51.2885-19/242424304_1514007515621068_8376246160618457376_n.jpg?_nc_ht=instagram.fdel1-4.fna.fbcdn.net&_nc_ohc=jr395ILi9t0AX_8rz-y&edm=AEF8tYYBAAAA&ccb=7-4&oh=20897e85bca564131ae08a1fa00de9fa&oe=6155BFEC&_nc_sid=a9513d
48,_.kavin.m._,https://instagram.fdel1-4.fna.fbcdn.net/v/t51.2885-19/242557519_193020809599675_8847966222332681323_n.jpg?_nc_ht=instagram.fdel1-4.fna.fbcdn.net&_nc_ohc=ZQpWyc8HDpMAX_XJ0sU&edm=AEF8tYYBAAAA&ccb=7-4&oh=4857e98e1839547649617f0e8753441e&oe=6156BA91&_nc_sid=a9513d
49,lathakdas,https://instagram.fdel1-4.fna.fbcdn.net/v/t51.2885-19/208750454_497059674741261_410535825369041047_n.jpg?_nc_ht=instagram.fdel1-4.fna.fbcdn.net&_nc_ohc=Sit6hpyf5CsAX-14AUd&edm=AEF8tYYBAAAA&ccb=7-4&oh=2ee54700951c7db420fb3cba4e1de7ef&oe=6155F204&_nc_sid=a9513d
50,dh_anush9614,https://instagram.fdel1-4.fna.fbcdn.net/v/t51.2885-19/242552140_1255348034967681_9164753198504892526_n.jpg?_nc_ht=instagram.fdel1-4.fna.fbcdn.net&_nc_ohc=9D9klAgokSgAX8itWHn&edm=AEF8tYYBAAAA&ccb=7-4&oh=b302520cc511844777a9e07693919ed4&oe=6156101A&_nc_sid=a9513d
51,pranavdhawan4,https://instagram.fdel1-4.fna.fbcdn.net/v/t51.2885-19/194870580_507678060430013_3932249356253322788_n.jpg?_nc_ht=instagram.fdel1-4.fna.fbcdn.net&_nc_ohc=uTMDteXT4AMAX9ORwk9&edm=AEF8tYYBAAAA&ccb=7-4&oh=4831ce5c5b94d677c3c0c8e2f40874a1&oe=615655E5&_nc_sid=a9513d
52,__murali.krishna,https://instagram.fccj5-1.fna.fbcdn.net/v/t51.2885-19/44884218_345707102882519_2446069589734326272_n.jpg?_nc_ht=instagram.fccj5-1.fna.fbcdn.net&_nc_ohc=isg9IBAnxdAAX_f86rA&edm=AL4D0a4BAAAA&ccb=7-4&oh=a6cc540f4de4dea19c8260719c2e26c6&oe=615717CF&_nc_sid=712cc3&ig_cache_key=YW5vbnltb3VzX3Byb2ZpbGVfcGlj.2-ccb7-4
53,_prateekx,https://instagram.fdel1-4.fna.fbcdn.net/v/t51.2885-19/226865707_578896203105378_663211461414509230_n.jpg?_nc_ht=instagram.fdel1-4.fna.fbcdn.net&_nc_ohc=Q8J9yNp7HvsAX_tjHvU&edm=AEF8tYYBAAAA&ccb=7-4&oh=d33f12cabbaea866ea6133f5e9ae364c&oe=6156F8DF&_nc_sid=a9513d
54,ayuss.hhii,https://instagram.fkul16-1.fna.fbcdn.net/v/t51.2885-19/44884218_345707102882519_2446069589734326272_n.jpg?_nc_ht=instagram.fkul16-1.fna.fbcdn.net&_nc_ohc=isg9IBAnxdAAX_RHFqK&edm=AJ9x6zYBAAAA&ccb=7-4&oh=a0b7d6ff3397fbbf9f3f4ec0fdded161&oe=61551D8F&_nc_sid=cff2a4&ig_cache_key=YW5vbnltb3VzX3Byb2ZpbGVfcGlj.2-ccb7-4
55,niranjana_naveen_,https://scontent-sin6-2.cdninstagram.com/v/t51.2885-19/44884218_345707102882519_2446069589734326272_n.jpg?_nc_ht=scontent-sin6-2.cdninstagram.com&_nc_cat=1&_nc_ohc=isg9IBAnxdAAX8x8-o1&edm=AJ9x6zYBAAAA&ccb=7-4&oh=2593161f68ae3c389f8aa51e5d9bb490&oe=615717CF&_nc_sid=cff2a4&ig_cache_key=YW5vbnltb3VzX3Byb2ZpbGVfcGlj.2-ccb7-4
56,deepakmandal336,https://instagram.fdel1-4.fna.fbcdn.net/v/t51.2885-19/164007750_434217347869822_7025178801807212433_n.jpg?_nc_ht=instagram.fdel1-4.fna.fbcdn.net&_nc_ohc=KDRgztYOslIAX9rkv2S&edm=AEF8tYYBAAAA&ccb=7-4&oh=1f46789b216879590c2609a796c7fb1d&oe=61557D11&_nc_sid=a9513d
57,ft_dash,https://instagram.fdel1-4.fna.fbcdn.net/v/t51.2885-19/242528858_223590519751162_6138141406241308258_n.jpg?_nc_ht=instagram.fdel1-4.fna.fbcdn.net&_nc_ohc=YIMgTlIb6qsAX-y-Hns&edm=AEF8tYYBAAAA&ccb=7-4&oh=b6fabf3bc127257b3e5c9294c3984e0d&oe=6156ACAE&_nc_sid=a9513d
58,vedant.000,https://instagram.fdel1-4.fna.fbcdn.net/v/t51.2885-19/241110388_204574061733514_4174616591710671069_n.jpg?_nc_ht=instagram.fdel1-4.fna.fbcdn.net&_nc_ohc=V02rAXO3IVQAX8KfbVa&edm=AEF8tYYBAAAA&ccb=7-4&oh=f9afd40e288d65326a6544862888cbb8&oe=6155BC90&_nc_sid=a9513d
59,utkarsh.24__,https://instagram.fdel1-4.fna.fbcdn.net/v/t51.2885-19/242150946_4596113197095078_6936023726489431359_n.jpg?_nc_ht=instagram.fdel1-4.fna.fbcdn.net&_nc_ohc=WfaauLHxBBkAX-cGqNK&edm=AEF8tYYBAAAA&ccb=7-4&oh=f6055bd90e1ae483f34d193763d41fd0&oe=6155DD29&_nc_sid=a9513d
60,akshat.bohra.58,https://instagram.fdel1-4.fna.fbcdn.net/v/t51.2885-19/169286141_835909340603612_4310814966198826633_n.jpg?_nc_ht=instagram.fdel1-4.fna.fbcdn.net&_nc_ohc=yg2pce4ckLMAX_FB5-U&edm=AEF8tYYBAAAA&ccb=7-4&oh=96b8757c3f166cfc97bcbaa6ea8be91b&oe=61563B61&_nc_sid=a9513d
61,sai_sreekar_0162,https://instagram.fbdj4-1.fna.fbcdn.net/v/t51.2885-19/44884218_345707102882519_2446069589734326272_n.jpg?_nc_ht=instagram.fbdj4-1.fna.fbcdn.net&_nc_cat=1&_nc_ohc=isg9IBAnxdAAX8Xgu6D&edm=AJ9x6zYBAAAA&ccb=7-4&oh=13c15288ea279c99def12b2569fa378a&oe=61551D8F&_nc_sid=cff2a4&ig_cache_key=YW5vbnltb3VzX3Byb2ZpbGVfcGlj.2-ccb7-4
62,vinfinstaaa,https://instagram.fdel1-4.fna.fbcdn.net/v/t51.2885-19/242456293_380544860240682_8963849137972878673_n.jpg?_nc_ht=instagram.fdel1-4.fna.fbcdn.net&_nc_ohc=emult45JkgkAX8pdpLj&edm=AEF8tYYBAAAA&ccb=7-4&oh=e662e653734fa1d9d24e7cfa6c9383c7&oe=61567A78&_nc_sid=a9513d
63,yoitsvinishaa,https://instagram.fdel1-4.fna.fbcdn.net/v/t51.2885-19/119935316_380133473149388_5381929275544174671_n.jpg?_nc_ht=instagram.fdel1-4.fna.fbcdn.net&_nc_ohc=x_QIIy4YBCQAX8OX7uD&edm=AEF8tYYBAAAA&ccb=7-4&oh=a8d71e957eda679f6aed48560ada764e&oe=6155FA00&_nc_sid=a9513d
64,iamadib___21,https://instagram.fdel1-4.fna.fbcdn.net/v/t51.2885-19/240454315_541017960445563_2363046239737243183_n.jpg?_nc_ht=instagram.fdel1-4.fna.fbcdn.net&_nc_ohc=BuCX-a1TdDMAX9MMzkX&edm=AEF8tYYBAAAA&ccb=7-4&oh=3fee6d7fda6ee977c25bb0e9e1a28ab4&oe=6155E5BB&_nc_sid=a9513d
65,harsh__gupta_._,https://instagram.fdel1-4.fna.fbcdn.net/v/t51.2885-19/210123489_504107220700902_3333388138560070907_n.jpg?_nc_ht=instagram.fdel1-4.fna.fbcdn.net&_nc_ohc=13zI_SjrJ64AX8xFX1d&edm=AEF8tYYBAAAA&ccb=7-4&oh=7a306b985c95884164e662ad1ec732f7&oe=61567328&_nc_sid=a9513d
66,soumesh03,https://instagram.fdel1-4.fna.fbcdn.net/v/t51.2885-19/241482273_219218926900465_4691515841075494606_n.jpg?_nc_ht=instagram.fdel1-4.fna.fbcdn.net&_nc_ohc=l0WgrVUrKmkAX9l_hIm&edm=AEF8tYYBAAAA&ccb=7-4&oh=9641a1aae0136e047c91c9b35cc09ad9&oe=61553F9F&_nc_sid=a9513d
67,nishith.exe,https://instagram.fdel1-4.fna.fbcdn.net/v/t51.2885-19/242415924_219473713558553_3540070893285989428_n.jpg?_nc_ht=instagram.fdel1-4.fna.fbcdn.net&_nc_ohc=ouTvPvJqTFcAX-wcM5p&edm=AEF8tYYBAAAA&ccb=7-4&oh=eef0e8d11ff1cf1aae7f0fb04a20fa43&oe=61555A04&_nc_sid=a9513d
68,_nitya_10,https://instagram.fdel1-4.fna.fbcdn.net/v/t51.2885-19/209036099_1825074684339171_8510690751908827519_n.jpg?_nc_ht=instagram.fdel1-4.fna.fbcdn.net&_nc_ohc=SoAU24_fhKMAX-h2Wwr&edm=AEF8tYYBAAAA&ccb=7-4&oh=d4f6448149b3974ea7555204e3756776&oe=61558DD4&_nc_sid=a9513d
69,riyanshiikedia,https://instagram.fdel1-4.fna.fbcdn.net/v/t51.2885-19/240429466_1150316765455152_3585565212406829922_n.jpg?_nc_ht=instagram.fdel1-4.fna.fbcdn.net&_nc_ohc=ws4AUmPdRdEAX_7M9_V&edm=AEF8tYYBAAAA&ccb=7-4&oh=f7a16b0173edc958f3f5f45a47eb680f&oe=6156634C&_nc_sid=a9513d
70,raj20030,https://instagram.fdel1-4.fna.fbcdn.net/v/t51.2885-19/109252854_612719712689483_7823701328274316711_n.jpg?_nc_ht=instagram.fdel1-4.fna.fbcdn.net&_nc_ohc=_CvCvA1kUt8AX94xhYB&edm=AEF8tYYBAAAA&ccb=7-4&oh=9bbf2a98a44577b148ffdf397e21ed45&oe=6155D888&_nc_sid=a9513d
71,_sidharth.k,https://instagram.fdel1-4.fna.fbcdn.net/v/t51.2885-19/89476331_623746071520026_3735737544466235392_n.jpg?_nc_ht=instagram.fdel1-4.fna.fbcdn.net&_nc_ohc=BE24VQ4uqzQAX_II6ZG&edm=AEF8tYYBAAAA&ccb=7-4&oh=0dca94d44d03c6de0e3f6bd1bbadb601&oe=6156F85D&_nc_sid=a9513d
72,joel_viju,https://instagram.fdel1-4.fna.fbcdn.net/v/t51.2885-19/123248763_1039233733228993_580985005967274230_n.jpg?_nc_ht=instagram.fdel1-4.fna.fbcdn.net&_nc_ohc=EVA7jK8IJ4oAX-Ft1ij&edm=AEF8tYYBAAAA&ccb=7-4&oh=d275444b6e6b2d28e3b7d29d1056f269&oe=61571563&_nc_sid=a9513d
73,nishhh.ish_,https://instagram.fdel1-4.fna.fbcdn.net/v/t51.2885-19/210088679_2940103836264574_3356740200926070404_n.jpg?_nc_ht=instagram.fdel1-4.fna.fbcdn.net&_nc_ohc=iF-giDJOSt0AX9ssW-U&edm=AEF8tYYBAAAA&ccb=7-4&oh=353ab369a1eeeb69842f7f94ea65f668&oe=615600E1&_nc_sid=a9513d
74,_rxhul.x_,https://instagram.fdel1-4.fna.fbcdn.net/v/t51.2885-19/167617881_840239923233254_1999875797689841313_n.jpg?_nc_ht=instagram.fdel1-4.fna.fbcdn.net&_nc_ohc=eJ40vyEPv_0AX8UPbXk&edm=AEF8tYYBAAAA&ccb=7-4&oh=34d5e6c5a4f20b18a3fb92cdd3474247&oe=61568CD0&_nc_sid=a9513d
75,riddhi_k15,https://instagram.fdel1-4.fna.fbcdn.net/v/t51.2885-19/242786651_832365837450520_4480976498330611280_n.jpg?_nc_ht=instagram.fdel1-4.fna.fbcdn.net&_nc_ohc=1JglNxauAewAX_M5xcX&edm=AEF8tYYBAAAA&ccb=7-4&oh=05b956b69d4ed140ee0e63c4fc0f613f&oe=61570AFC&_nc_sid=a9513d
76,k.w.2.3,https://instagram.fdel1-4.fna.fbcdn.net/v/t51.2885-19/126796465_214010653415061_7828423361493790923_n.jpg?_nc_ht=instagram.fdel1-4.fna.fbcdn.net&_nc_ohc=tJD4K40blvgAX9yYZN4&edm=AEF8tYYBAAAA&ccb=7-4&oh=72a39b83d262ece4201ca1264c1c9481&oe=61565E0C&_nc_sid=a9513d
77,notvkrish,https://instagram.fdel1-4.fna.fbcdn.net/v/t51.2885-19/118458912_624162058485007_3556008558949639856_n.jpg?_nc_ht=instagram.fdel1-4.fna.fbcdn.net&_nc_ohc=mhzJEv_gh_EAX9YTH_r&edm=AEF8tYYBAAAA&ccb=7-4&oh=09e2e9d9b720911efa12363f89a113a4&oe=61567D9F&_nc_sid=a9513d
78,imsks09,https://instagram.fdel1-4.fna.fbcdn.net/v/t51.2885-19/210551994_516569112825981_4538833377638328972_n.jpg?_nc_ht=instagram.fdel1-4.fna.fbcdn.net&_nc_ohc=c-jgtxhbCK8AX_uj-A-&edm=AEF8tYYBAAAA&ccb=7-4&oh=5f1184a97bb5d08130d9ffb5e27918cd&oe=6155C3BC&_nc_sid=a9513d
79,gupta__himank,https://instagram.fdel1-4.fna.fbcdn.net/v/t51.2885-19/242794654_113411994423056_5932297184436186281_n.jpg?_nc_ht=instagram.fdel1-4.fna.fbcdn.net&_nc_ohc=ZM26KheUchIAX86blf4&edm=AEF8tYYBAAAA&ccb=7-4&oh=3283a16dcdf739129edd4dd8eb280ee9&oe=61571A9B&_nc_sid=a9513d
80,vishal21_07_04,https://instagram.fdel1-4.fna.fbcdn.net/v/t51.2885-19/241885294_899774117589610_1285521742236380261_n.jpg?_nc_ht=instagram.fdel1-4.fna.fbcdn.net&_nc_ohc=3REHLR-7JrUAX9vH7j6&edm=AEF8tYYBAAAA&ccb=7-4&oh=045ab1da3429102d4447a2aa58cd3daf&oe=6156705F&_nc_sid=a9513d
81,phaniabhiram,https://instagram.fdel1-4.fna.fbcdn.net/v/t51.2885-19/43085341_1172227569622077_1179008023566221312_n.jpg?_nc_ht=instagram.fdel1-4.fna.fbcdn.net&_nc_ohc=VnQmS6ea7WoAX9C7BwJ&edm=AEF8tYYBAAAA&ccb=7-4&oh=397179243f194e072647078ba3f1d63f&oe=6155DAEA&_nc_sid=a9513d
82,m_s_kapasi.exe,https://scontent-sin6-3.cdninstagram.com/v/t51.2885-19/44884218_345707102882519_2446069589734326272_n.jpg?_nc_ht=scontent-sin6-3.cdninstagram.com&_nc_ohc=isg9IBAnxdAAX_4ESFF&edm=AJ9x6zYBAAAA&ccb=7-4&oh=dc2a059044e69ad954782fa44082cf68&oe=615717CF&_nc_sid=cff2a4&ig_cache_key=YW5vbnltb3VzX3Byb2ZpbGVfcGlj.2-ccb7-4
83,shreyaa.01_,https://instagram.fdel1-4.fna.fbcdn.net/v/t51.2885-19/242510094_528583725186548_2755223624313609114_n.jpg?_nc_ht=instagram.fdel1-4.fna.fbcdn.net&_nc_ohc=PeekxdVgKGcAX8phTsS&edm=AEF8tYYBAAAA&ccb=7-4&oh=67228262d9363cb41d666acb3114e442&oe=61560899&_nc_sid=a9513d
84,tamilselvan_20_,https://instagram.fdel1-4.fna.fbcdn.net/v/t51.2885-19/242107015_218469267004807_2707682321786018796_n.jpg?_nc_ht=instagram.fdel1-4.fna.fbcdn.net&_nc_ohc=I0IvUnub54kAX9i6LHt&edm=AEF8tYYBAAAA&ccb=7-4&oh=1823790f7d48d187a42ed9f9e07ba1e1&oe=61554771&_nc_sid=a9513d
85,sarthak14____,https://instagram.fdel1-4.fna.fbcdn.net/v/t51.2885-19/241379062_1027720531309507_147661823841653142_n.jpg?_nc_ht=instagram.fdel1-4.fna.fbcdn.net&_nc_ohc=ajujKf5IFEYAX96ZJ10&edm=AEF8tYYBAAAA&ccb=7-4&oh=a1969494a0a4b2595fe9a65c6bd02653&oe=61559BA5&_nc_sid=a9513d
86,_sristi_198,https://instagram.fdel1-4.fna.fbcdn.net/v/t51.2885-19/241492344_3007411426195727_8818101221423320559_n.jpg?_nc_ht=instagram.fdel1-4.fna.fbcdn.net&_nc_ohc=9TKUobLSheMAX_U8bIt&edm=AEF8tYYBAAAA&ccb=7-4&oh=3c61c82381eb1de4b765f5c132c43556&oe=6155DE12&_nc_sid=a9513d
87,aryakhanna_06,https://instagram.fdel1-4.fna.fbcdn.net/v/t51.2885-19/242796948_275230544256232_4357474531429234342_n.jpg?_nc_ht=instagram.fdel1-4.fna.fbcdn.net&_nc_ohc=xvDr8P4-hCQAX9dByBU&edm=AEF8tYYBAAAA&ccb=7-4&oh=74b5cb9814b2e20e2b98607349ada347&oe=6155DC90&_nc_sid=a9513d
88,shashank.gurunaga_,https://instagram.fdel1-4.fna.fbcdn.net/v/t51.2885-19/241367263_1033493947405513_6736360517816193457_n.jpg?_nc_ht=instagram.fdel1-4.fna.fbcdn.net&_nc_ohc=hpoF6e7ROhwAX95e6b-&edm=AEF8tYYBAAAA&ccb=7-4&oh=6185d6d2b9ba9541ba14a7b57913cf48&oe=615696DB&_nc_sid=a9513d
89,__.arvinth.__,https://instagram.fdel1-4.fna.fbcdn.net/v/t51.2885-19/242082068_445117750117008_2927382947209758335_n.jpg?_nc_ht=instagram.fdel1-4.fna.fbcdn.net&_nc_ohc=XJy4simYgG8AX8gCUxD&edm=AEF8tYYBAAAA&ccb=7-4&oh=c8e7a66c8e80cdb02abee5f84d2f690e&oe=6155793D&_nc_sid=a9513d
90,mathurgaurav1742,https://instagram.fixe1-3.fna.fbcdn.net/v/t51.2885-19/44884218_345707102882519_2446069589734326272_n.jpg?_nc_ht=instagram.fixe1-3.fna.fbcdn.net&_nc_ohc=isg9IBAnxdAAX9MUJwh&edm=AIhG1boBAAAA&ccb=7-4&oh=d30411b9b25b90043c159f0e0e111ea7&oe=615717CF&_nc_sid=5c7e6a&ig_cache_key=YW5vbnltb3VzX3Byb2ZpbGVfcGlj.2-ccb7-4
91,priyanshii_22,https://instagram.fdel1-4.fna.fbcdn.net/v/t51.2885-19/240430784_390821842692410_2887321975050902668_n.jpg?_nc_ht=instagram.fdel1-4.fna.fbcdn.net&_nc_ohc=FImkhI4sfHcAX-PZWwX&edm=AEF8tYYBAAAA&ccb=7-4&oh=ee2b1868903a8a4daf799cbda961ebfb&oe=61570B4E&_nc_sid=a9513d
92,___nvb____,https://instagram.fdel1-4.fna.fbcdn.net/v/t51.2885-19/242358889_895604297707243_5840938870128892773_n.jpg?_nc_ht=instagram.fdel1-4.fna.fbcdn.net&_nc_ohc=z5TgILyZsPAAX-xAYmK&edm=AEF8tYYBAAAA&ccb=7-4&oh=a9d02594f279c373036e9c972d049ac0&oe=61556B9F&_nc_sid=a9513d
93,gouthamshaji_17,https://instagram.fdel1-4.fna.fbcdn.net/v/t51.2885-19/219588590_897408994179792_5846865256857298779_n.jpg?_nc_ht=instagram.fdel1-4.fna.fbcdn.net&_nc_ohc=ixvEpvnhEz0AX-07noZ&edm=AEF8tYYBAAAA&ccb=7-4&oh=8dd333205201587f1abb15d76571e4f9&oe=61554290&_nc_sid=a9513d
94,sumi1612,https://instagram.fbkk8-4.fna.fbcdn.net/v/t51.2885-19/44884218_345707102882519_2446069589734326272_n.jpg?_nc_ht=instagram.fbkk8-4.fna.fbcdn.net&_nc_ohc=isg9IBAnxdAAX98Zfnf&edm=APGXKFABAAAA&ccb=7-4&oh=396a514a5920ddd934eebcd09f8c1b12&oe=615717CF&_nc_sid=f0cd3e&ig_cache_key=YW5vbnltb3VzX3Byb2ZpbGVfcGlj.2-ccb7-4
95,nindoooooooooooooooo,https://instagram.fdel1-4.fna.fbcdn.net/v/t51.2885-19/213825276_4953585471324756_6351303730871400110_n.jpg?_nc_ht=instagram.fdel1-4.fna.fbcdn.net&_nc_ohc=dVI4M6SyKLAAX83JP7h&edm=AEF8tYYBAAAA&ccb=7-4&oh=b6c95b4d911fdee9fffebd630bbd8e60&oe=61564289&_nc_sid=a9513d
96,paulkavish,https://instagram.fdel1-4.fna.fbcdn.net/v/t51.2885-19/213631151_1545226855821714_5962600021443375282_n.jpg?_nc_ht=instagram.fdel1-4.fna.fbcdn.net&_nc_ohc=KGZOGpPKiF8AX-dAJ5L&edm=AEF8tYYBAAAA&ccb=7-4&oh=f2920b3d4c4bde0ec303c62abe963dbe&oe=61554AE6&_nc_sid=a9513d
97,baby.yaga,https://instagram.fdel1-4.fna.fbcdn.net/v/t51.2885-19/241845718_1093418264524686_2861638365962983234_n.jpg?_nc_ht=instagram.fdel1-4.fna.fbcdn.net&_nc_ohc=xsLLnvUlCAwAX-SM-aq&edm=AEF8tYYBAAAA&ccb=7-4&oh=a9fe1ea27dda9c4205de639a1ddfa4a8&oe=6157229D&_nc_sid=a9513d
98,sewwree,https://instagram.fdel1-4.fna.fbcdn.net/v/t51.2885-19/234172067_377273967349469_926410595391207146_n.jpg?_nc_ht=instagram.fdel1-4.fna.fbcdn.net&_nc_ohc=FGtwHDak9_4AX94ZrPg&edm=AEF8tYYBAAAA&ccb=7-4&oh=c9f86ad410634ab539455da8ba0d26b1&oe=6156E6E5&_nc_sid=a9513d
99,addyyyyy.pvt,https://instagram.fdel1-4.fna.fbcdn.net/v/t51.2885-19/169720310_1250863811981944_3927153704057582258_n.jpg?_nc_ht=instagram.fdel1-4.fna.fbcdn.net&_nc_ohc=L_SiAMNAEvMAX-YZXOF&edm=AEF8tYYBAAAA&ccb=7-4&oh=cddbd09556aac18a14049942ab2e202b&oe=61569493&_nc_sid=a9513d
100,_its_kriniths_,https://instagram.fdel1-4.fna.fbcdn.net/v/t51.2885-19/175432300_926913414802717_5246577762553592207_n.jpg?_nc_ht=instagram.fdel1-4.fna.fbcdn.net&_nc_ohc=Ygb1_CDtGHcAX8yEXog&edm=AEF8tYYBAAAA&ccb=7-4&oh=b938d4479c5335cd533fc8154d7ebf2e&oe=615616BA&_nc_sid=a9513d
101,tanishkverma_7,https://instagram.fdel1-4.fna.fbcdn.net/v/t51.2885-19/242013244_351060866715867_9040279690795555660_n.jpg?_nc_ht=instagram.fdel1-4.fna.fbcdn.net&_nc_ohc=T-LiS00RDsEAX-sotU0&edm=AEF8tYYBAAAA&ccb=7-4&oh=8a556493684d3f6f89396eaaeef7ccfc&oe=615706D1&_nc_sid=a9513d
102,prajwal__gupta,https://instagram.fdel1-4.fna.fbcdn.net/v/t51.2885-19/242834384_355220993016792_5719854966195426788_n.jpg?_nc_ht=instagram.fdel1-4.fna.fbcdn.net&_nc_ohc=gByGeM2kFgIAX-x5XgC&edm=AEF8tYYBAAAA&ccb=7-4&oh=11400d3c705708bc118f33b1ad3bce3c&oe=6155F477&_nc_sid=a9513d
103,vasisht_cool7,https://instagram.fdel1-4.fna.fbcdn.net/v/t51.2885-19/242216954_1046352606179917_6428792332242707099_n.jpg?_nc_ht=instagram.fdel1-4.fna.fbcdn.net&_nc_ohc=e_Jy61tW5v0AX9IPQxn&edm=AEF8tYYBAAAA&ccb=7-4&oh=8f7bbfa98c5d1aa28fc4940145695667&oe=61553A48&_nc_sid=a9513d
104,vitalrysky,https://instagram.fdel1-4.fna.fbcdn.net/v/t51.2885-19/241801307_282144423421949_5441666609340545698_n.jpg?_nc_ht=instagram.fdel1-4.fna.fbcdn.net&_nc_ohc=J8GSF8jSNjQAX8Pxogn&edm=AEF8tYYBAAAA&ccb=7-4&oh=9ad9cf83a44ca5694176276711edb2d2&oe=61571E05&_nc_sid=a9513d
105,shadow_knight28,https://instagram.fdel1-4.fna.fbcdn.net/v/t51.2885-19/57611897_621192345064084_6631640993508622336_n.jpg?_nc_ht=instagram.fdel1-4.fna.fbcdn.net&_nc_ohc=19JgjRHAl_0AX_WeOGF&edm=AEF8tYYBAAAA&ccb=7-4&oh=6f5d1f3c737efc5d98b2007f590e53d4&oe=6156F3D6&_nc_sid=a9513d
106,aswathy_k_das,https://instagram.fdel1-4.fna.fbcdn.net/v/t51.2885-19/233732469_364042891785294_2154827826933349480_n.jpg?_nc_ht=instagram.fdel1-4.fna.fbcdn.net&_nc_ohc=kgJve4J53KkAX8ZbFrv&edm=AEF8tYYBAAAA&ccb=7-4&oh=9867ef1810e1e479ea6ed7a4645522de&oe=61566743&_nc_sid=a9513d
107,motor_shuti,https://instagram.fdel1-4.fna.fbcdn.net/v/t51.2885-19/220069148_428160565396804_6008182447893727194_n.jpg?_nc_ht=instagram.fdel1-4.fna.fbcdn.net&_nc_ohc=5pyfG_fbQGkAX8z-Glj&edm=AEF8tYYBAAAA&ccb=7-4&oh=81c82e7f5e601ad30ef4c38b4093be73&oe=6156919A&_nc_sid=a9513d
108,__kishore__046,https://instagram.fdel1-4.fna.fbcdn.net/v/t51.2885-19/90476708_217937476119334_3934038568229404672_n.jpg?_nc_ht=instagram.fdel1-4.fna.fbcdn.net&_nc_ohc=eojXzbRpHsIAX9xa30i&edm=AEF8tYYBAAAA&ccb=7-4&oh=9d321e8614a86b3bfc274412e73460d5&oe=6155A67E&_nc_sid=a9513d
109,it.aint.osh,https://instagram.fdel1-4.fna.fbcdn.net/v/t51.2885-19/242212056_274614511154439_4277367637543323469_n.jpg?_nc_ht=instagram.fdel1-4.fna.fbcdn.net&_nc_ohc=mfiQbyI0_z4AX_KkHXd&edm=AEF8tYYBAAAA&ccb=7-4&oh=cb33560e9a81080fff0995265451cb97&oe=6156EB37&_nc_sid=a9513d
110,t_j_teju9,https://instagram.fdel1-4.fna.fbcdn.net/v/t51.2885-19/242285091_2916905131906619_3701320756886474437_n.jpg?_nc_ht=instagram.fdel1-4.fna.fbcdn.net&_nc_ohc=KOgjEA64DzkAX9MItO7&edm=AEF8tYYBAAAA&ccb=7-4&oh=3085aa0564f080fd798d0a437394c6fc&oe=6156FFC6&_nc_sid=a9513d
111,_._meiow_._,https://instagram.fdel1-4.fna.fbcdn.net/v/t51.2885-19/241314079_230286695592196_8146542980517996257_n.jpg?_nc_ht=instagram.fdel1-4.fna.fbcdn.net&_nc_ohc=F-t0JGyhYJQAX9-uHgp&edm=AEF8tYYBAAAA&ccb=7-4&oh=8affd026d3bc7b65a39dc984d9806dbb&oe=6155C2A9&_nc_sid=a9513d
112,anshull23,https://instagram.fdel1-4.fna.fbcdn.net/v/t51.2885-19/241461431_656567488650528_8401569354449680520_n.jpg?_nc_ht=instagram.fdel1-4.fna.fbcdn.net&_nc_ohc=5E-PobDvG5gAX-o8EPg&edm=AEF8tYYBAAAA&ccb=7-4&oh=0a18f4a2e355a62f95dd85d17dbb6c94&oe=61563624&_nc_sid=a9513d
113,_priyansh.singhal,https://instagram.fdel1-4.fna.fbcdn.net/v/t51.2885-19/240951023_999232704232490_8181886709506274471_n.jpg?_nc_ht=instagram.fdel1-4.fna.fbcdn.net&_nc_ohc=boyzN11kMKwAX-ZhVVL&edm=AEF8tYYBAAAA&ccb=7-4&oh=91a8f85d09e32763a10bfb7c7c668ed4&oe=61569D48&_nc_sid=a9513d
114,ashzzz_98,https://instagram.fdel1-4.fna.fbcdn.net/v/t51.2885-19/201809593_159748876184375_7158472264879602324_n.jpg?_nc_ht=instagram.fdel1-4.fna.fbcdn.net&_nc_ohc=NShT1HxD0QMAX_bqvzm&edm=AEF8tYYBAAAA&ccb=7-4&oh=cafaa4ebf47b560e0e53276fd692769f&oe=6155DDCE&_nc_sid=a9513d
115,fbhooters,https://instagram.fdel1-4.fna.fbcdn.net/v/t51.2885-19/141065396_168174521396030_1887742734939103878_n.jpg?_nc_ht=instagram.fdel1-4.fna.fbcdn.net&_nc_ohc=PlU7OFNBL-kAX-COGPE&edm=AEF8tYYBAAAA&ccb=7-4&oh=9915cbaa9db3fe6ab592723771dc5ca8&oe=6155F21F&_nc_sid=a9513d
116,triyas.pradhan,https://instagram.fdel1-4.fna.fbcdn.net/v/t51.2885-19/242358602_873125650007436_7423250989571620293_n.jpg?_nc_ht=instagram.fdel1-4.fna.fbcdn.net&_nc_ohc=pbrKW_OBv0EAX_tKQqt&edm=AEF8tYYBAAAA&ccb=7-4&oh=24533d9ac6633d9b85d971716087a858&oe=6156AA57&_nc_sid=a9513d
117,armnxbeatbox,https://instagram.fdel1-4.fna.fbcdn.net/v/t51.2885-19/242023809_158917683093526_6090653936460598820_n.jpg?_nc_ht=instagram.fdel1-4.fna.fbcdn.net&_nc_ohc=-PGAl-Uq-YkAX9PuJCe&edm=AEF8tYYBAAAA&ccb=7-4&oh=2f054ef2609bf91e465daebe1b4f4aa2&oe=61561010&_nc_sid=a9513d
118,nandinii_0112,https://instagram.fdel1-4.fna.fbcdn.net/v/t51.2885-19/242422141_371844441242478_6035432836933596892_n.jpg?_nc_ht=instagram.fdel1-4.fna.fbcdn.net&_nc_ohc=6kzxMfcMpFkAX_tP8Nm&edm=AEF8tYYBAAAA&ccb=7-4&oh=027cebb6fddeae820352ebd36c8e31ba&oe=615559A6&_nc_sid=a9513d
119,ishaan_121215,https://instagram.fdel1-4.fna.fbcdn.net/v/t51.2885-19/241808640_113509407734332_7736748112074490529_n.jpg?_nc_ht=instagram.fdel1-4.fna.fbcdn.net&_nc_ohc=0u8JtdG47BYAX_r5P0K&edm=AEF8tYYBAAAA&ccb=7-4&oh=43532cc74d528da61f5dfccfe550e966&oe=6156815E&_nc_sid=a9513d
120,_prashant_vk,https://instagram.fdel1-4.fna.fbcdn.net/v/t51.2885-19/217693206_2930805707143011_5958150125496220608_n.jpg?_nc_ht=instagram.fdel1-4.fna.fbcdn.net&_nc_ohc=Tw8lPF7uV6wAX8EbnFF&edm=AEF8tYYBAAAA&ccb=7-4&oh=f607de1e679d7406e83055a88ae54b42&oe=6155FBA9&_nc_sid=a9513d
121,atksteel,https://instagram.fdel1-4.fna.fbcdn.net/v/t51.2885-19/203523481_192004922828895_8432013798416565362_n.jpg?_nc_ht=instagram.fdel1-4.fna.fbcdn.net&_nc_ohc=V6cevUd4p3AAX8fypRH&edm=AEF8tYYBAAAA&ccb=7-4&oh=4d988254a70bb1df4064c82ecb689856&oe=615583B9&_nc_sid=a9513d
122,abhi__478,https://instagram.fcgk9-2.fna.fbcdn.net/v/t51.2885-19/44884218_345707102882519_2446069589734326272_n.jpg?_nc_ht=instagram.fcgk9-2.fna.fbcdn.net&_nc_cat=1&_nc_ohc=isg9IBAnxdAAX-ytkpO&edm=AL4D0a4BAAAA&ccb=7-4&oh=3562160982d51acfa15824533794c25b&oe=615717CF&_nc_sid=712cc3&ig_cache_key=YW5vbnltb3VzX3Byb2ZpbGVfcGlj.2-ccb7-4
123,lonely_wolf_9192,https://instagram.fdel1-4.fna.fbcdn.net/v/t51.2885-19/56940440_2320376741541612_7208642520849317888_n.jpg?_nc_ht=instagram.fdel1-4.fna.fbcdn.net&_nc_ohc=5cYDyJxaXgoAX8730SZ&edm=AEF8tYYBAAAA&ccb=7-4&oh=a8a6c0ae13f29facdcffac56fec71db8&oe=6156133B&_nc_sid=a9513d
124,jayluu22__,https://instagram.fdel1-4.fna.fbcdn.net/v/t51.2885-19/242211804_650649389255047_158731469151717855_n.jpg?_nc_ht=instagram.fdel1-4.fna.fbcdn.net&_nc_ohc=Wdmn6ajwU9oAX_tzNlk&edm=AEF8tYYBAAAA&ccb=7-4&oh=91d8ec89ced2b9a2a2253a7f3c4defb9&oe=61558C78&_nc_sid=a9513d
125,pv_nrt_407,https://instagram.fdel1-4.fna.fbcdn.net/v/t51.2885-19/242354264_1979564162193654_5619226379145483040_n.jpg?_nc_ht=instagram.fdel1-4.fna.fbcdn.net&_nc_ohc=EurtbLaMOlMAX8n3Ufg&edm=AEF8tYYBAAAA&ccb=7-4&oh=ee7d4cf451f3bfda3b39b60c76ce70ef&oe=6155EA23&_nc_sid=a9513d
126,i.am._harish_ss,https://instagram.fdel1-4.fna.fbcdn.net/v/t51.2885-19/194975661_192257515995796_7315435908578251347_n.jpg?_nc_ht=instagram.fdel1-4.fna.fbcdn.net&_nc_ohc=5hLxbk264ukAX-zV3Gn&edm=AEF8tYYBAAAA&ccb=7-4&oh=db06352b5e8161060dccab6046ffbfa8&oe=615619ED&_nc_sid=a9513d
127,rakesh_748,https://instagram.fdel1-4.fna.fbcdn.net/v/t51.2885-19/156646936_1409645486048978_2692791032210962803_n.jpg?_nc_ht=instagram.fdel1-4.fna.fbcdn.net&_nc_ohc=4OwmTFL95jUAX8UMg8p&edm=AEF8tYYBAAAA&ccb=7-4&oh=2d8f6839da37e939c6006961cfcfd605&oe=61568B90&_nc_sid=a9513d
128,utkarshsharma_27,https://instagram.fdel1-4.fna.fbcdn.net/v/t51.2885-19/242512122_4475560585844342_8550624018983257818_n.jpg?_nc_ht=instagram.fdel1-4.fna.fbcdn.net&_nc_ohc=_KH477d4Rq4AX9v1a_6&edm=AEF8tYYBAAAA&ccb=7-4&oh=53bb854e844bd2b9c8a46c03bd959ef8&oe=6155525C&_nc_sid=a9513d
129,sai_appana,https://instagram.fdel1-4.fna.fbcdn.net/v/t51.2885-19/173874463_445713973189065_2565090260361498332_n.jpg?_nc_ht=instagram.fdel1-4.fna.fbcdn.net&_nc_ohc=VYYf_rDefaoAX96EAmD&edm=AEF8tYYBAAAA&ccb=7-4&oh=4c107e10ae46b88e54ecd1f9c698be6f&oe=6155C939&_nc_sid=a9513d
130,tanya_srivastava_19,https://instagram.fdel1-4.fna.fbcdn.net/v/t51.2885-19/171261070_475238313793349_911139927138157101_n.jpg?_nc_ht=instagram.fdel1-4.fna.fbcdn.net&_nc_ohc=oWHEXMrgbD8AX-HuTh3&edm=AEF8tYYBAAAA&ccb=7-4&oh=b2c4ba429455754716d8c6f0702182df&oe=61570C31&_nc_sid=a9513d
131,_virnit_2311,https://scontent-ssn1-1.cdninstagram.com/v/t51.2885-19/44884218_345707102882519_2446069589734326272_n.jpg?_nc_ht=scontent-ssn1-1.cdninstagram.com&_nc_ohc=isg9IBAnxdAAX83xn-N&edm=ALlQn9MBAAAA&ccb=7-4&oh=8bab2ba3b17d2ce498d1f5b257072789&oe=61551D8F&_nc_sid=48a2a6&ig_cache_key=YW5vbnltb3VzX3Byb2ZpbGVfcGlj.2-ccb7-4
132,_sanskritimodi_,https://instagram.fdel1-4.fna.fbcdn.net/v/t51.2885-19/241410645_459056848461255_9016270311428161717_n.jpg?_nc_ht=instagram.fdel1-4.fna.fbcdn.net&_nc_ohc=p1O7EwWrFKkAX9nkjxC&edm=AEF8tYYBAAAA&ccb=7-4&oh=284dc36fbdb239688bf6d5f430c3c6df&oe=615662EB&_nc_sid=a9513d
133,kanishkmarwal,https://instagram.fdel1-4.fna.fbcdn.net/v/t51.2885-19/176238116_913658069423080_5459532661521731574_n.jpg?_nc_ht=instagram.fdel1-4.fna.fbcdn.net&_nc_ohc=jMe_mjHGEwUAX86qocp&edm=AEF8tYYBAAAA&ccb=7-4&oh=55d490cf7a862eb2c4b21268e291c0b0&oe=61557EBF&_nc_sid=a9513d
134,_.subhasree._.27._,https://instagram.fdel1-4.fna.fbcdn.net/v/t51.2885-19/242539221_2660255884282540_4132255519685920794_n.jpg?_nc_ht=instagram.fdel1-4.fna.fbcdn.net&_nc_ohc=girjjpud6dcAX9w4Ht9&edm=AEF8tYYBAAAA&ccb=7-4&oh=ce5d884a3ed0470d492b346b93dbb01e&oe=61552FA5&_nc_sid=a9513d
135,__chocolatey__crunch__,https://instagram.fdel1-4.fna.fbcdn.net/v/t51.2885-19/241795539_322577219656407_5018397152720416896_n.jpg?_nc_ht=instagram.fdel1-4.fna.fbcdn.net&_nc_ohc=bNckipGBgcgAX_d0Gkm&edm=AEF8tYYBAAAA&ccb=7-4&oh=489b94e24d0d738ab66d6b681ce79058&oe=6155E3FD&_nc_sid=a9513d
136,aditi_hinge,https://instagram.fdel1-4.fna.fbcdn.net/v/t51.2885-19/240771433_387494833053548_7725410995641193187_n.jpg?_nc_ht=instagram.fdel1-4.fna.fbcdn.net&_nc_ohc=1-bWc_YfgoAAX8CPPyL&edm=AEF8tYYBAAAA&ccb=7-4&oh=d413b181addf02933e45ab0023829b2f&oe=6156FF82&_nc_sid=a9513d
137,mia.2468.aurora,https://instagram.fupg1-1.fna.fbcdn.net/v/t51.2885-19/44884218_345707102882519_2446069589734326272_n.jpg?_nc_ht=instagram.fupg1-1.fna.fbcdn.net&_nc_cat=1&_nc_ohc=isg9IBAnxdAAX8ndtSo&edm=AB11_MABAAAA&ccb=7-4&oh=435de1d8d06021e8a1d1c0b5897aa0fd&oe=615717CF&_nc_sid=ccd4cc&ig_cache_key=YW5vbnltb3VzX3Byb2ZpbGVfcGlj.2-ccb7-4
138,gangwaranamika,https://instagram.fdel1-4.fna.fbcdn.net/v/t51.2885-19/60416556_2351853718206790_3092982820897816576_n.jpg?_nc_ht=instagram.fdel1-4.fna.fbcdn.net&_nc_ohc=GZw_JxuXmh4AX_fAeZS&edm=AEF8tYYBAAAA&ccb=7-4&oh=29d38fa8650d5653c9ba8ca5702e27ec&oe=6156C94D&_nc_sid=a9513d
139,ishhh_28,https://instagram.fdel1-4.fna.fbcdn.net/v/t51.2885-19/202550450_790630754976007_7264741528230319306_n.jpg?_nc_ht=instagram.fdel1-4.fna.fbcdn.net&_nc_ohc=8b-FkPC-QwIAX_UqmJ4&edm=AEF8tYYBAAAA&ccb=7-4&oh=ae186ddfb55953bacc5748ce3650d819&oe=61553854&_nc_sid=a9513d
140,raaj.jaiswal.92372,https://instagram.fdel1-4.fna.fbcdn.net/v/t51.2885-19/134500080_673846626621051_720191440689424068_n.jpg?_nc_ht=instagram.fdel1-4.fna.fbcdn.net&_nc_ohc=Hb5UG1F1zEwAX8UWYwB&edm=AEF8tYYBAAAA&ccb=7-4&oh=5c1a9259d9aa20bad5125cb0cf28ca73&oe=6155D901&_nc_sid=a9513d
141,arnav9112,https://instagram.fdel1-4.fna.fbcdn.net/v/t51.2885-19/242805435_646138653038829_518094253204081436_n.jpg?_nc_ht=instagram.fdel1-4.fna.fbcdn.net&_nc_ohc=TniPzHebM9cAX-sJNqq&edm=AEF8tYYBAAAA&ccb=7-4&oh=8d44df1f1fccb1e5e5369b363f064cb7&oe=61557A44&_nc_sid=a9513d
142,aditya._.shxrmx,https://instagram.fdel1-4.fna.fbcdn.net/v/t51.2885-19/241808037_230368245724662_8334153902112215909_n.jpg?_nc_ht=instagram.fdel1-4.fna.fbcdn.net&_nc_ohc=RvJ4D0HffKUAX8RyvQo&edm=AEF8tYYBAAAA&ccb=7-4&oh=9383c36b230df4e892d33effdc3b744d&oe=6155635D&_nc_sid=a9513d
143,xx__gypsy_xx,https://instagram.fdel1-4.fna.fbcdn.net/v/t51.2885-19/222101297_258439869027395_6987112367705868697_n.jpg?_nc_ht=instagram.fdel1-4.fna.fbcdn.net&_nc_ohc=OnxM9eET6IEAX9C2bmF&edm=AEF8tYYBAAAA&ccb=7-4&oh=92382dd23030fee61a1136d307b93881&oe=615716DD&_nc_sid=a9513d
144,devansh_43,https://instagram.fdel1-4.fna.fbcdn.net/v/t51.2885-19/144336925_890853255074967_7311172250029693417_n.jpg?_nc_ht=instagram.fdel1-4.fna.fbcdn.net&_nc_ohc=jqT_ghteQ0cAX9Sw4gr&edm=AEF8tYYBAAAA&ccb=7-4&oh=3ccf8260f10a6cae547eed609a3252ba&oe=6155751A&_nc_sid=a9513d
145,ayush__kankane97,https://instagram.fdel1-4.fna.fbcdn.net/v/t51.2885-19/241118964_564646948214420_3372112245147310859_n.jpg?_nc_ht=instagram.fdel1-4.fna.fbcdn.net&_nc_ohc=h_cK0oIFS1oAX-fY3hz&edm=AEF8tYYBAAAA&ccb=7-4&oh=6391903ca2c912d89b817dcbc42053f3&oe=61571D33&_nc_sid=a9513d
146,kashish_6660,https://instagram.fdel1-4.fna.fbcdn.net/v/t51.2885-19/242405432_446648416641310_2609738441628293234_n.jpg?_nc_ht=instagram.fdel1-4.fna.fbcdn.net&_nc_ohc=m3pouD6CQlAAX_4VMCf&edm=AEF8tYYBAAAA&ccb=7-4&oh=2b18525a09228eb36a506282852e6adb&oe=61553EBF&_nc_sid=a9513d
147,_region_tech,https://scontent-cgk1-1.cdninstagram.com/v/t51.2885-19/44884218_345707102882519_2446069589734326272_n.jpg?_nc_ht=scontent-cgk1-1.cdninstagram.com&_nc_ohc=isg9IBAnxdAAX8HqBIE&edm=AB11_MABAAAA&ccb=7-4&oh=383c5b8b09e5714c73d4b3430bad9d3d&oe=615717CF&_nc_sid=ccd4cc&ig_cache_key=YW5vbnltb3VzX3Byb2ZpbGVfcGlj.2-ccb7-4
148,commander_teapot,https://instagram.fdel1-4.fna.fbcdn.net/v/t51.2885-19/184876450_276173527579024_1143398386792755341_n.jpg?_nc_ht=instagram.fdel1-4.fna.fbcdn.net&_nc_ohc=hJAJpkIK0fAAX_X4Hlq&edm=AEF8tYYBAAAA&ccb=7-4&oh=07f681718c09fdc2af0c9400dfb10585&oe=61571A01&_nc_sid=a9513d
149,sidharth.__.s,https://instagram.fdel1-4.fna.fbcdn.net/v/t51.2885-19/241290656_545215013358310_5243401085668226063_n.jpg?_nc_ht=instagram.fdel1-4.fna.fbcdn.net&_nc_ohc=_yKEJz2pA20AX8OLb_G&edm=AEF8tYYBAAAA&ccb=7-4&oh=8dc1c7ad4418741af733892f88c1d803&oe=6155CD45&_nc_sid=a9513d
150,satvik_j_24.01,https://instagram.fdel1-4.fna.fbcdn.net/v/t51.2885-19/142190971_189362026248784_4271342325275706711_n.jpg?_nc_ht=instagram.fdel1-4.fna.fbcdn.net&_nc_ohc=xHPX6hPEZ50AX_Qy5SS&edm=AEF8tYYBAAAA&ccb=7-4&oh=92df091abf6463c8cdc001fc256093ac&oe=6155AC86&_nc_sid=a9513d
151,mallu.chacha,https://instagram.fdel1-4.fna.fbcdn.net/v/t51.2885-19/241083082_137003681957471_360535986632131415_n.jpg?_nc_ht=instagram.fdel1-4.fna.fbcdn.net&_nc_ohc=Bo1y3NSrvMwAX_8L9Dv&edm=AEF8tYYBAAAA&ccb=7-4&oh=d2c11790f64ad563dcbbc906ce51c238&oe=6156BF66&_nc_sid=a9513d
152,vaishaaaaliiiii,https://instagram.fdel1-4.fna.fbcdn.net/v/t51.2885-19/242420184_3110002719275777_5302150251420532034_n.jpg?_nc_ht=instagram.fdel1-4.fna.fbcdn.net&_nc_ohc=PgvOXGV1W_UAX8zcK7k&edm=AEF8tYYBAAAA&ccb=7-4&oh=d12af2450b0cb8c1cbec768ec57e3533&oe=61554DC1&_nc_sid=a9513d
153,hbhangu153,https://instagram.fdel1-4.fna.fbcdn.net/v/t51.2885-19/242361386_3042946719285824_2227455937209080917_n.jpg?_nc_ht=instagram.fdel1-4.fna.fbcdn.net&_nc_ohc=9xYhaPVYPuoAX-F0pzL&edm=AEF8tYYBAAAA&ccb=7-4&oh=9eb83c140e15ce4de8801e4495ce3347&oe=61566730&_nc_sid=a9513d
154,mischiefmanager14,https://instagram.fdel1-4.fna.fbcdn.net/v/t51.2885-19/241713666_269034438220514_5417479981936043816_n.jpg?_nc_ht=instagram.fdel1-4.fna.fbcdn.net&_nc_ohc=HroQmrzNdV8AX9NFrBD&edm=AEF8tYYBAAAA&ccb=7-4&oh=c6c1ae8cc5819dfae5011c7ae085d1be&oe=615553AD&_nc_sid=a9513d
155,arnav__tiwari,https://instagram.fdel1-4.fna.fbcdn.net/v/t51.2885-19/213857738_340826967760131_8009112516841275601_n.jpg?_nc_ht=instagram.fdel1-4.fna.fbcdn.net&_nc_ohc=tKeBH4RtBMcAX9yPyXc&edm=AEF8tYYBAAAA&ccb=7-4&oh=e2464927aefc17363d4d0c806af59050&oe=6156B3EF&_nc_sid=a9513d
156,_.akshat_gt10._,https://instagram.fdel1-4.fna.fbcdn.net/v/t51.2885-19/81920554_186185089158505_9052174361263341568_n.jpg?_nc_ht=instagram.fdel1-4.fna.fbcdn.net&_nc_ohc=u9-g8GCzpXAAX97Pzxu&edm=AEF8tYYBAAAA&ccb=7-4&oh=f8349b96fd94b1274dba6f63df961b33&oe=615670EE&_nc_sid=a9513d
157,itsme_jamespatel,https://instagram.fdel1-4.fna.fbcdn.net/v/t51.2885-19/242319429_850244192350830_4990385719995531217_n.jpg?_nc_ht=instagram.fdel1-4.fna.fbcdn.net&_nc_ohc=_HyTsbWgN-MAX8vnlyy&edm=AEF8tYYBAAAA&ccb=7-4&oh=98707bbdefbcdbdd39b074c7fddc0fdf&oe=6155A007&_nc_sid=a9513d
158,ss_mullapudi,https://instagram.fdel1-4.fna.fbcdn.net/v/t51.2885-19/93721233_525088948445066_1003381717001568256_n.jpg?_nc_ht=instagram.fdel1-4.fna.fbcdn.net&_nc_ohc=S5Msf2aqitwAX_0mWRu&edm=AEF8tYYBAAAA&ccb=7-4&oh=c443c2e8bf61397eb8fa5b80b65717c6&oe=61556F91&_nc_sid=a9513d
159,keshav_234,https://instagram.fdel1-4.fna.fbcdn.net/v/t51.2885-19/201994249_993891901422837_2231593684410442974_n.jpg?_nc_ht=instagram.fdel1-4.fna.fbcdn.net&_nc_ohc=ygx96CxFvAMAX_5NZ47&edm=AEF8tYYBAAAA&ccb=7-4&oh=35796d76c5f13baf12c47d176a9ad078&oe=6155C1FB&_nc_sid=a9513d
160,vishakh.agrawal,https://instagram.fdel1-4.fna.fbcdn.net/v/t51.2885-19/174296961_168710785130786_2531736969008858806_n.jpg?_nc_ht=instagram.fdel1-4.fna.fbcdn.net&_nc_ohc=TjkO7lYbS5wAX8J1fXp&edm=AEF8tYYBAAAA&ccb=7-4&oh=de2986893ef073bd2a955c200189e7be&oe=6155A0BE&_nc_sid=a9513d
161,rohithxm,https://instagram.fdel1-4.fna.fbcdn.net/v/t51.2885-19/242484028_1449605635401641_8876813737195678396_n.jpg?_nc_ht=instagram.fdel1-4.fna.fbcdn.net&_nc_ohc=SZMvtbrx4jYAX_JvqYe&edm=AEF8tYYBAAAA&ccb=7-4&oh=9540d5bc245c6bb4bf42d55d0a358eac&oe=6156EF42&_nc_sid=a9513d
162,bahlritesh29,https://instagram.fcgk30-1.fna.fbcdn.net/v/t51.2885-19/44884218_345707102882519_2446069589734326272_n.jpg?_nc_ht=instagram.fcgk30-1.fna.fbcdn.net&_nc_cat=1&_nc_ohc=isg9IBAnxdAAX8_kkQr&edm=ABmJApABAAAA&ccb=7-4&oh=2565b268df2d061e6cba0d98a8053728&oe=615717CF&_nc_sid=6136e7&ig_cache_key=YW5vbnltb3VzX3Byb2ZpbGVfcGlj.2-ccb7-4
163,aashish_sarraf,https://instagram.fdel1-4.fna.fbcdn.net/v/t51.2885-19/236383931_171635311612113_179521196140802811_n.jpg?_nc_ht=instagram.fdel1-4.fna.fbcdn.net&_nc_ohc=u0xzO4cL3wsAX-LZ-Lz&edm=AEF8tYYBAAAA&ccb=7-4&oh=0ce163b8a056232e89172b9414fd8df5&oe=61571ED0&_nc_sid=a9513d
164,jishnuda__vijayalakshmi,https://instagram.fdel1-4.fna.fbcdn.net/v/t51.2885-19/193556730_4352603308117081_243262079253284708_n.jpg?_nc_ht=instagram.fdel1-4.fna.fbcdn.net&_nc_ohc=GPcrpqlYN3sAX-B5TwB&edm=AEF8tYYBAAAA&ccb=7-4&oh=80922b26e957f6c757cfb8a560eaa8cc&oe=6155D37F&_nc_sid=a9513d
165,inish_kashyap,https://instagram.fdel1-4.fna.fbcdn.net/v/t51.2885-19/209944430_188864596582785_3563025801559312991_n.jpg?_nc_ht=instagram.fdel1-4.fna.fbcdn.net&_nc_ohc=IcQyGQCYHwsAX-Syg4_&edm=AEF8tYYBAAAA&ccb=7-4&oh=b69d22b34738dbfd2ea22ebc0cbf8b00&oe=61562F9C&_nc_sid=a9513d
166,manthangarg1011,https://instagram.fdel1-4.fna.fbcdn.net/v/t51.2885-19/239474670_891373138470785_5878285652473101411_n.jpg?_nc_ht=instagram.fdel1-4.fna.fbcdn.net&_nc_ohc=i9GTV0pKxSAAX-4v7iK&edm=AEF8tYYBAAAA&ccb=7-4&oh=f8a7cc8cddbbabbda8180398923d048d&oe=61562622&_nc_sid=a9513d
167,rohit_yadav0412,https://instagram.fdel1-4.fna.fbcdn.net/v/t51.2885-19/183226575_1068079820348259_7467378275809911632_n.jpg?_nc_ht=instagram.fdel1-4.fna.fbcdn.net&_nc_ohc=oObMYP9f0XIAX8RnqaB&edm=AEF8tYYBAAAA&ccb=7-4&oh=74df8a9cd44d8a1ae36f6caa392435e1&oe=61561DCA&_nc_sid=a9513d
168,rishithmenon,https://instagram.fixr1-1.fna.fbcdn.net/v/t51.2885-19/44884218_345707102882519_2446069589734326272_n.jpg?_nc_ht=instagram.fixr1-1.fna.fbcdn.net&_nc_ohc=isg9IBAnxdAAX-fVl0v&edm=AB11_MABAAAA&ccb=7-4&oh=762ad6253bc8dbcaa25f87d50d2940ff&oe=615717CF&_nc_sid=ccd4cc&ig_cache_key=YW5vbnltb3VzX3Byb2ZpbGVfcGlj.2-ccb7-4
169,nimarkalra17,https://instagram.fdel1-4.fna.fbcdn.net/v/t51.2885-19/43778222_2219038208332619_2975735230238818304_n.jpg?_nc_ht=instagram.fdel1-4.fna.fbcdn.net&_nc_ohc=qdT_7P6A-54AX9wr6Ec&edm=AEF8tYYBAAAA&ccb=7-4&oh=195a39e33df7947b329ce9f469ae833a&oe=6156FF03&_nc_sid=a9513d
170,k.arjun_rao,https://instagram.fdel1-4.fna.fbcdn.net/v/t51.2885-19/120310876_889608648109757_7694872269295795726_n.jpg?_nc_ht=instagram.fdel1-4.fna.fbcdn.net&_nc_ohc=GNFRBpjqc14AX_EK8Iu&edm=AEF8tYYBAAAA&ccb=7-4&oh=fe26ccc2b640bcd7f6c2600f455ebaec&oe=6155D9BF&_nc_sid=a9513d
171,jhanvichaturvedi,https://instagram.fdel1-4.fna.fbcdn.net/v/t51.2885-19/163646834_100784945423691_8074534102899998204_n.jpg?_nc_ht=instagram.fdel1-4.fna.fbcdn.net&_nc_ohc=Z_mIdwRpGrcAX9dYQxX&edm=AEF8tYYBAAAA&ccb=7-4&oh=0dc16f9208adbbaddc39e417e8d2c0c5&oe=61562301&_nc_sid=a9513d
172,shivamshekhar71,https://instagram.fdel1-4.fna.fbcdn.net/v/t51.2885-19/155587822_1689011301308204_6846620650008502266_n.jpg?_nc_ht=instagram.fdel1-4.fna.fbcdn.net&_nc_ohc=v04qJB3nNOMAX8PxaPJ&edm=AEF8tYYBAAAA&ccb=7-4&oh=4e794c91e29812b566d2e5cd4863f924&oe=61558668&_nc_sid=a9513d
173,_sparshgoyal45_,https://instagram.fdel1-4.fna.fbcdn.net/v/t51.2885-19/179075889_1103262630152860_8651153960556450461_n.jpg?_nc_ht=instagram.fdel1-4.fna.fbcdn.net&_nc_ohc=Xzcsg_JG170AX816ab4&edm=AEF8tYYBAAAA&ccb=7-4&oh=131805563cb273df45c22b3f3eaf43af&oe=615620D2&_nc_sid=a9513d
174,khushi_singh0924,https://instagram.fdel1-4.fna.fbcdn.net/v/t51.2885-19/241869459_2991227757757548_8964525987727547294_n.jpg?_nc_ht=instagram.fdel1-4.fna.fbcdn.net&_nc_ohc=WLvCIZs6aQcAX_DogRW&edm=AEF8tYYBAAAA&ccb=7-4&oh=bfc6e31628c15604e979c274cc3cdcb7&oe=61560FDD&_nc_sid=a9513d
175,je_m_appelle_hari,https://instagram.fdel1-4.fna.fbcdn.net/v/t51.2885-19/126471323_404897100921536_5910929324460698479_n.jpg?_nc_ht=instagram.fdel1-4.fna.fbcdn.net&_nc_ohc=MJes5Rc6azMAX9Fohwz&edm=AEF8tYYBAAAA&ccb=7-4&oh=95e6241c56bc339e15ae31d30fce8998&oe=6156286F&_nc_sid=a9513d
176,sasi_daran17,https://instagram.fdel1-4.fna.fbcdn.net/v/t51.2885-19/241532226_328903325698136_4043812894323320326_n.jpg?_nc_ht=instagram.fdel1-4.fna.fbcdn.net&_nc_ohc=e4iLQwgyhQMAX8vSpoF&edm=AEF8tYYBAAAA&ccb=7-4&oh=a7e8e55567451efca43ad0b3b4b4092b&oe=61567AA6&_nc_sid=a9513d
177,saaaketh,https://instagram.fdel1-4.fna.fbcdn.net/v/t51.2885-19/188141851_477531623512957_9185764135558817383_n.jpg?_nc_ht=instagram.fdel1-4.fna.fbcdn.net&_nc_ohc=G6wAUHQ938AAX88P3TR&edm=AEF8tYYBAAAA&ccb=7-4&oh=433ebac8d6b24e15730cd66349c55666&oe=6155C73E&_nc_sid=a9513d
178,parantap13607__,https://instagram.fdel1-4.fna.fbcdn.net/v/t51.2885-19/117967386_612775179411627_6808199242426197955_n.jpg?_nc_ht=instagram.fdel1-4.fna.fbcdn.net&_nc_ohc=MMkq8jOKbswAX8U_DKF&edm=AEF8tYYBAAAA&ccb=7-4&oh=90ec6f7add964a33a8abda5edce6f50a&oe=61555CB6&_nc_sid=a9513d
179,parthganjoophotography,https://instagram.fdel1-4.fna.fbcdn.net/v/t51.2885-19/110176826_614741205778094_292258652035351727_n.jpg?_nc_ht=instagram.fdel1-4.fna.fbcdn.net&_nc_ohc=yJqciAH24iMAX9ilvV0&edm=AEF8tYYBAAAA&ccb=7-4&oh=51258b5152cfd5d80c7052434a1f26f7&oe=61554591&_nc_sid=a9513d
180,virat_8705,https://instagram.fdel1-4.fna.fbcdn.net/v/t51.2885-19/218488991_516325186241041_8128270985040807217_n.jpg?_nc_ht=instagram.fdel1-4.fna.fbcdn.net&_nc_ohc=ctOMVzXT46AAX9mdB1P&edm=AEF8tYYBAAAA&ccb=7-4&oh=a2970d222cd6072420019cce75deccf1&oe=6156A308&_nc_sid=a9513d
181,p.r.a.n.a.v.03,https://instagram.fdel1-4.fna.fbcdn.net/v/t51.2885-19/144412820_248525306643072_7899212504923426275_n.jpg?_nc_ht=instagram.fdel1-4.fna.fbcdn.net&_nc_ohc=-AH0b7URiZMAX-EY_Xx&edm=AEF8tYYBAAAA&ccb=7-4&oh=f6453e627c42d80d65215466a0f6c330&oe=6155CFED&_nc_sid=a9513d
182,boopesh_sathiskumar,https://instagram.fdel1-4.fna.fbcdn.net/v/t51.2885-19/238829021_218246670238931_2171423023107290152_n.jpg?_nc_ht=instagram.fdel1-4.fna.fbcdn.net&_nc_ohc=CDiXtH49gu0AX96B54T&edm=AEF8tYYBAAAA&ccb=7-4&oh=b316990badd43f74f4fbd7eff1b4410e&oe=615683B5&_nc_sid=a9513d
183,adwaybyju,https://instagram.fdel1-4.fna.fbcdn.net/v/t51.2885-19/94022021_3200321150193120_7663666972688646144_n.jpg?_nc_ht=instagram.fdel1-4.fna.fbcdn.net&_nc_ohc=fgzYa6GMPhYAX-abiAE&edm=AEF8tYYBAAAA&ccb=7-4&oh=f3046a98d9be135a9823101309052a54&oe=6155EB40&_nc_sid=a9513d
184,chinmaykarnam,https://instagram.fdel1-4.fna.fbcdn.net/v/t51.2885-19/162866514_797257887859415_7479143523743874938_n.jpg?_nc_ht=instagram.fdel1-4.fna.fbcdn.net&_nc_ohc=ML_tPimt0xUAX9XMb6T&edm=AEF8tYYBAAAA&ccb=7-4&oh=4a1e95ac47365256154bfc8d60392271&oe=61553C43&_nc_sid=a9513d
185,i___am_sourav,https://instagram.fdel1-4.fna.fbcdn.net/v/t51.2885-19/204926492_173543308081139_8015105070176717888_n.jpg?_nc_ht=instagram.fdel1-4.fna.fbcdn.net&_nc_ohc=Of93P3m46SsAX8lGD_J&edm=AEF8tYYBAAAA&ccb=7-4&oh=ca048d07760220d72de099bf42727b8f&oe=6155A90D&_nc_sid=a9513d
186,jk_times,https://instagram.fdel1-4.fna.fbcdn.net/v/t51.2885-19/235141509_2298212603643576_1800336445446887762_n.jpg?_nc_ht=instagram.fdel1-4.fna.fbcdn.net&_nc_ohc=iW3sImmISLAAX__f4A0&edm=AEF8tYYBAAAA&ccb=7-4&oh=fcd2b6aeff43742de16ebfe8be86fe0b&oe=61564B0A&_nc_sid=a9513d
187,ragavendraraja_jagathish,https://instagram.fdel1-4.fna.fbcdn.net/v/t51.2885-19/124791564_1746502968830462_1781331889969843329_n.jpg?_nc_ht=instagram.fdel1-4.fna.fbcdn.net&_nc_ohc=CV-G3WBtC2gAX_bZMxA&edm=AEF8tYYBAAAA&ccb=7-4&oh=1498fc57ff984c922e99ab98a55959cf&oe=61558899&_nc_sid=a9513d
188,___panda__2,https://instagram.fdel1-4.fna.fbcdn.net/v/t51.2885-19/196389872_1913865242121613_4010326453243832782_n.jpg?_nc_ht=instagram.fdel1-4.fna.fbcdn.net&_nc_ohc=KZAgjrozQeAAX8kHL7m&edm=AEF8tYYBAAAA&ccb=7-4&oh=04eb5cb84217bf73865883191b357393&oe=61561B2A&_nc_sid=a9513d
189,anshul_2609,https://instagram.fdel1-4.fna.fbcdn.net/v/t51.2885-19/242477632_622652542059887_2952207142759130881_n.jpg?_nc_ht=instagram.fdel1-4.fna.fbcdn.net&_nc_ohc=0OM2nYF-B3kAX-eYAve&edm=AEF8tYYBAAAA&ccb=7-4&oh=c813b44bb407575a0de031af94a0aaf6&oe=6156BAA1&_nc_sid=a9513d
190,extrovert_17,https://instagram.fdel1-4.fna.fbcdn.net/v/t51.2885-19/236246490_266912884869947_6188000556051987310_n.jpg?_nc_ht=instagram.fdel1-4.fna.fbcdn.net&_nc_ohc=bQkLPTCe7VYAX8Ao_G3&edm=AEF8tYYBAAAA&ccb=7-4&oh=dcdae769045d1ec39079c49a8e681a84&oe=6155C2D9&_nc_sid=a9513d
191,girl_boss_0905,https://instagram.fdel1-4.fna.fbcdn.net/v/t51.2885-19/161417853_4043239015753485_1792939455174568967_n.jpg?_nc_ht=instagram.fdel1-4.fna.fbcdn.net&_nc_ohc=Fstob6pqXa0AX9vE-I2&edm=AEF8tYYBAAAA&ccb=7-4&oh=37d3c79d6803cbad338d69f7e04975ec&oe=61565BE7&_nc_sid=a9513d
192,ashlorddd,https://instagram.fdel1-4.fna.fbcdn.net/v/t51.2885-19/241731725_1023690848447071_1646275728196044856_n.jpg?_nc_ht=instagram.fdel1-4.fna.fbcdn.net&_nc_ohc=VyQMJ6xL7FAAX_g4nMn&edm=AEF8tYYBAAAA&ccb=7-4&oh=de6f701a296d145da9174bdba043c69b&oe=61563789&_nc_sid=a9513d
193,naam.me_sab_rakha_hai,https://instagram.fdel1-4.fna.fbcdn.net/v/t51.2885-19/213040388_523181188879843_4069022817771746196_n.jpg?_nc_ht=instagram.fdel1-4.fna.fbcdn.net&_nc_ohc=y3VuVOrOn2MAX807f2q&edm=AEF8tYYBAAAA&ccb=7-4&oh=92e2c5b5146a27ee27baf95bacbcbd7a&oe=61568ECB&_nc_sid=a9513d
194,hetjjshah,https://instagram.fdel1-4.fna.fbcdn.net/v/t51.2885-19/241155746_378359120539915_3195905633488764846_n.jpg?_nc_ht=instagram.fdel1-4.fna.fbcdn.net&_nc_ohc=fdpVuT6pty0AX_mdKgM&edm=AEF8tYYBAAAA&ccb=7-4&oh=a08956e0584ec7d38db2cb51d6a6c0b2&oe=6155D9A1&_nc_sid=a9513d
195,ziddi_ahir_sahab__,https://instagram.fdel1-4.fna.fbcdn.net/v/t51.2885-19/242063860_4178575498931433_4613746027755105528_n.jpg?_nc_ht=instagram.fdel1-4.fna.fbcdn.net&_nc_ohc=Fv6sWzZNbJIAX-KuJw8&edm=AEF8tYYBAAAA&ccb=7-4&oh=9c2e38b4928f08ac7933e903e60db1f2&oe=61554E8D&_nc_sid=a9513d
196,nirmit_hirani_,https://instagram.fdel1-4.fna.fbcdn.net/v/t51.2885-19/242069391_579509276522988_253866863578142445_n.jpg?_nc_ht=instagram.fdel1-4.fna.fbcdn.net&_nc_ohc=Uh5dQq466TEAX-MKNUr&edm=AEF8tYYBAAAA&ccb=7-4&oh=c5641640b4096ce9fdb5db50bf2ef99b&oe=615664A3&_nc_sid=a9513d
197,piyush582,https://instagram.fdel1-4.fna.fbcdn.net/v/t51.2885-19/30603495_2097230900492047_443346014854709248_n.jpg?_nc_ht=instagram.fdel1-4.fna.fbcdn.net&_nc_ohc=MPa3Zxs8fcEAX9m3Ah1&edm=AEF8tYYBAAAA&ccb=7-4&oh=9ce6287826b118ee12dab91b281004f5&oe=6155585A&_nc_sid=a9513d
198,ren_bejo,https://instagram.fdel1-4.fna.fbcdn.net/v/t51.2885-19/241426271_134872098851005_3475539675586551854_n.jpg?_nc_ht=instagram.fdel1-4.fna.fbcdn.net&_nc_ohc=M0Bw-FckqLIAX9WvCA-&edm=AEF8tYYBAAAA&ccb=7-4&oh=c06d0fe2ab4a47e7a4f1e999dae355e6&oe=61565D9F&_nc_sid=a9513d
199,_.aayush_kumar,https://instagram.fdel1-4.fna.fbcdn.net/v/t51.2885-19/209376608_275005041087530_4426921316164600368_n.jpg?_nc_ht=instagram.fdel1-4.fna.fbcdn.net&_nc_ohc=_4hh-FYLtDAAX9ZSQsk&edm=AEF8tYYBAAAA&ccb=7-4&oh=f9da75a986623012f06d38ac3dbc09db&oe=61561B63&_nc_sid=a9513d
